obs_date,fv_gap_ann_pct
2016-08-29,0.2993607026711158
2016-08-30,0.2786239035205149
2016-08-31,0.26842547882689893
2016-09-01,0.2562391221968269
2016-09-02,0.24829026703450197
2016-09-05,0.2323516923173513
2016-09-06,0.27077954129545323
2016-09-07,0.2751447465798543
2016-09-08,0.21718627978751204
2016-09-09,0.2575298868921836
2016-09-12,0.2594540876459265
2016-09-13,0.20518053766085642
2016-09-14,0.22019008417648855
2016-09-15,0.2908014116888944
2016-09-16,0.314345372246029
2016-09-19,0.3324801319069727
2016-09-20,0.3417712125111758
2016-09-21,0.32178685862897916
2016-09-22,0.3074399840371833
2016-09-23,0.32946713655803994
2016-09-26,0.340837641161162
2016-09-27,0.2753548475581651
2016-09-28,0.2618609675185397
2016-09-29,0.23141844696305625
2016-09-30,0.24272841880247453
2016-10-03,0.25124244678086405
2016-10-04,0.2627257295021297
2016-10-05,0.30506181863398907
2016-10-06,0.3557494155040193
2016-10-07,0.355630725524023
2016-10-10,0.39427245538623357
2016-10-11,0.3823669368000704
2016-10-12,0.3743234679977079
2016-10-13,0.3989272179932404
2016-10-14,0.43923621234824406
2016-10-17,0.443786314471628
2016-10-18,0.4075823052660341
2016-10-19,0.4009770894605671
2016-10-20,0.41613947553054564
2016-10-21,0.42382098239223465
2016-10-24,0.41951889571446543
2016-10-25,0.4330972488525089
2016-10-26,0.43430533486497747
2016-10-27,0.4186766994126969
2016-10-28,0.440966182594968
2016-10-31,0.4675101259054254
2016-11-01,0.399131957772775
2016-11-02,0.3727087594024967
2016-11-03,0.36210290128942924
2016-11-04,0.3866904980137622
2016-11-07,0.3989434485385215
2016-11-08,0.34978675582589824
2016-11-09,0.33257722996162475
2016-11-10,0.338433350151252
2016-11-11,0.3160351642275876
2016-11-14,0.31533369174732906
2016-11-15,0.2767950580649148
2016-11-16,0.27209382429283724
2016-11-17,0.19536716709992397
2016-11-18,0.1777349696486472
2016-11-21,0.18963854435158267
2016-11-22,0.1952246600559664
2016-11-23,0.15794811333863745
2016-11-24,0.13739046361515372
2016-11-25,0.12804535322456023
2016-11-28,0.15520291104265405
2016-11-29,0.1372011712141844
2016-11-30,0.17589003203867004
2016-12-01,0.23834794511222146
2016-12-02,0.2677009590770727
2016-12-05,0.2735489844034771
2016-12-06,0.26417862259456437
2016-12-07,0.3442713302016285
2016-12-08,0.383530563909398
2016-12-09,0.371713316937216
2016-12-12,0.39340284806513526
2016-12-13,0.3491169492474193
2016-12-14,0.37142875517158425
2016-12-15,0.41746497469707955
2016-12-16,0.4366277305263164
2016-12-19,0.46461917732701563
2016-12-20,0.41827520342287183
2016-12-21,0.2713565854935409
2016-12-22,0.29431153277899
2016-12-23,0.3250936255188861
2016-12-26,0.31002441807702574
2016-12-27,0.2986996821589307
2016-12-28,0.3390430269627931
2016-12-29,0.3211074883327125
2016-12-30,0.28690523523370115
2017-01-02,0.2761576144814204
2017-01-03,0.333336581740058
2017-01-04,0.3481745725648189
2017-01-05,0.31474019851386537
2017-01-06,0.34945443921302166
2017-01-09,0.3037528434828176
2017-01-10,0.30992424663184925
2017-01-11,0.30476201788515445
2017-01-12,0.2581873109067494
2017-01-13,0.2672952499918171
2017-01-16,0.27834643037571893
2017-01-17,0.2340911893575276
2017-01-18,0.2024981944801052
2017-01-19,0.21181915582620614
2017-01-20,0.23586522285662526
2017-01-23,0.24731316610293952
2017-01-24,0.29371909384781847
2017-01-25,0.3227087669028613
2017-01-26,0.2935059998136761
2017-01-27,0.3182426959095259
2017-01-30,0.2512945889079099
2017-01-31,0.2501588677269162
2017-02-01,0.2015297955589579
2017-02-02,0.2391426297042445
2017-02-03,0.2735068940766605
2017-02-06,0.2257141880489668
2017-02-07,0.2128983384544818
2017-02-08,0.20381257644629702
2017-02-09,0.2001918240752414
2017-02-10,0.20580678328787172
2017-02-13,0.26618210632175954
2017-02-14,0.25889740738433686
2017-02-15,0.24679050437137728
2017-02-16,0.24120941012457509
2017-02-17,0.2000827759152909
2017-02-20,0.1709746503181927
2017-02-21,0.20302521740748325
2017-02-22,0.18923576127899155
2017-02-23,0.17709148615822
2017-02-24,0.16567211754862188
2017-02-27,0.1629152484750236
2017-02-28,0.2042809913560033
2017-03-01,0.24362173934372777
2017-03-02,0.25141980866022806
2017-03-03,0.27373660550371226
2017-03-06,0.2225030545772556
2017-03-07,0.19224369103485628
2017-03-08,0.1084628142503179
2017-03-09,0.13113467820063296
2017-03-10,0.13203881011414598
2017-03-13,0.21209608461297935
2017-03-14,0.23711527080866213
2017-03-15,0.16621132763337632
2017-03-16,0.17902180665206202
2017-03-17,0.18085106022413577
2017-03-20,0.11238409888639123
2017-03-21,0.10420330827813462
2017-03-22,0.03016031684153364
2017-03-23,0.06638880524337765
2017-03-24,0.057423238178399005
2017-03-27,0.03695505772322727
2017-03-28,0.06806535189806873
2017-03-29,0.12305485750699052
2017-03-30,0.1429184816308784
2017-03-31,0.10569478747572558
2017-04-03,0.07595582999791917
2017-04-04,0.04745222214816269
2017-04-05,0.04212941038417928
2017-04-06,0.06236732341350271
2017-04-07,0.0847750734132231
2017-04-10,0.05799865118492853
2017-04-11,0.06297553072645601
2017-04-12,0.01163440500134083
2017-04-13,-0.008548851231186427
2017-04-14,0.009753345368736954
2017-04-17,0.07522694817373443
2017-04-18,0.14407890930855838
2017-04-19,0.1442361603018938
2017-04-20,0.17549096111027818
2017-04-21,0.1885010535865117
2017-04-24,0.15116103480113996
2017-04-25,0.10970708591536604
2017-04-26,0.07756936644100254
2017-04-27,0.11726346882697303
2017-04-28,0.15146200143133925
2017-05-01,0.13065716656237558
2017-05-02,0.18586800399321346
2017-05-03,0.18188913914619265
2017-05-04,0.1798896953452317
2017-05-05,0.17087276823865682
2017-05-08,0.08671973727454174
2017-05-09,0.04336672729495028
2017-05-10,0.06364030485679273
2017-05-11,0.048910033873619585
2017-05-12,0.05541732315709824
2017-05-15,0.027919027905601634
2017-05-16,0.04820016893258239
2017-05-17,0.0894662537216866
2017-05-18,0.08099081906872807
2017-05-19,0.10252605943349002
2017-05-22,0.08867646321580713
2017-05-23,0.1106143220381709
2017-05-24,0.0933475151350015
2017-05-25,0.03776908916467314
2017-05-26,0.047401396546596364
2017-05-29,0.007378682081443988
2017-05-30,0.05701390499734227
2017-05-31,0.04240290076891284
2017-06-01,0.0712985337538905
2017-06-02,0.07195164974604151
2017-06-05,0.06697059735365773
2017-06-06,0.0879180729850485
2017-06-07,0.08479062467527532
2017-06-08,0.05962920943377603
2017-06-09,0.05343754635609388
2017-06-12,0.023334418544156854
2017-06-13,0.04361187462841887
2017-06-14,0.016807635150341116
2017-06-15,0.03405148253167645
2017-06-16,0.0652636303631422
2017-06-19,0.08394322158924516
2017-06-20,0.16996633671455075
2017-06-21,0.09635098635719253
2017-06-22,0.09384235224264126
2017-06-23,0.11286704542081616
2017-06-26,0.16194433387317853
2017-06-27,0.2452802764983757
2017-06-28,0.17199144809289124
2017-06-29,0.21679298287604376
2017-06-30,0.26904006107106326
2017-07-03,0.32684416778449554
2017-07-04,0.3205620619336551
2017-07-05,0.35200139588627355
2017-07-06,0.32606545822773614
2017-07-07,0.3084750542557637
2017-07-10,0.31006511468290276
2017-07-11,0.30821327921963104
2017-07-12,0.3282792565099535
2017-07-13,0.3495888233756852
2017-07-14,0.3593945822316883
2017-07-17,0.3848792494620995
2017-07-18,0.3493299213377048
2017-07-19,0.37748315231468454
2017-07-20,0.38960423927917487
2017-07-21,0.41227037865900884
2017-07-24,0.4684853112198638
2017-07-25,0.4733349483633671
2017-07-26,0.44785264888877707
2017-07-27,0.4431617338326206
2017-07-28,0.41062424000950637
2017-07-31,0.43620699500262616
2017-08-01,0.4707368428907477
2017-08-02,0.5002901177536463
2017-08-03,0.48935324470553077
2017-08-04,0.5065411239381381
2017-08-07,0.4392003441978225
2017-08-08,0.4167615242547069
2017-08-09,0.45899279456842046
2017-08-10,0.42107741225573736
2017-08-11,0.4275211934258387
2017-08-14,0.41328507447383755
2017-08-15,0.4449823172634122
2017-08-16,0.40567868288991304
2017-08-17,0.4115997734448218
2017-08-18,0.4256551750631188
2017-08-21,0.4214752955546701
2017-08-22,0.4318449280601955
2017-08-23,0.43974244484820324
2017-08-24,0.4683518540147005
2017-08-25,0.4376701711703965
2017-08-28,0.426697688662818
2017-08-29,0.4222055685677315
2017-08-30,0.40631515274446595
2017-08-31,0.4040558597381074
2017-09-01,0.4414808693852901
2017-09-04,0.4794418570650463
2017-09-05,0.494589448807188
2017-09-06,0.48176721980610293
2017-09-07,0.46008623862245934
2017-09-08,0.44591575185958066
2017-09-11,0.43719885795699764
2017-09-12,0.4788820421779105
2017-09-13,0.42481796755058765
2017-09-14,0.4655000533646374
2017-09-15,0.41831994611779577
2017-09-18,0.40856144663842264
2017-09-19,0.3983896197182357
2017-09-20,0.4070879567787009
2017-09-21,0.376604165809554
2017-09-22,0.3341075916978633
2017-09-25,0.3361735290210748
2017-09-26,0.3104135670640322
2017-09-27,0.31744461409343017
2017-09-28,0.3797152580149554
2017-09-29,0.3508552379656109
2017-10-02,0.3344639887763601
2017-10-03,0.3202660510516293
2017-10-04,0.3667112133437227
2017-10-05,0.3580141203214442
2017-10-06,0.33201444756775
2017-10-09,0.3553733219635402
2017-10-10,0.37329300493134454
2017-10-11,0.3309148578365466
2017-10-12,0.27473637975065324
2017-10-13,0.25391768014220073
2017-10-16,0.26203028836139586
2017-10-17,0.21735215455035828
2017-10-18,0.2294107763948967
2017-10-19,0.22799666017840692
2017-10-20,0.25760652807914175
2017-10-23,0.2686854912934771
2017-10-24,0.2800934945794382
2017-10-25,0.2880215743289869
2017-10-26,0.30240840337718833
2017-10-27,0.29980528254466
2017-10-30,0.2773863111481112
2017-10-31,0.2349798981173099
2017-11-01,0.15745845889902976
2017-11-02,0.15384039451974063
2017-11-03,0.15682489796315813
2017-11-06,0.19499512494199678
2017-11-07,0.24112200884354584
2017-11-08,0.22846700318859314
2017-11-09,0.2183941326226333
2017-11-10,0.2396171216134102
2017-11-13,0.2540524856329738
2017-11-14,0.2291136217052141
2017-11-15,0.2771297953655354
2017-11-16,0.2941539703299969
2017-11-17,0.2963756772638133
2017-11-20,0.343323603970508
2017-11-21,0.3708377076351428
2017-11-22,0.3398165552721758
2017-11-23,0.3219714266520828
2017-11-24,0.31100341600500736
2017-11-27,0.31754129033147993
2017-11-28,0.2690502429110999
2017-11-29,0.2256198737895786
2017-11-30,0.21711253657528584
2017-12-01,0.18303007005816085
2017-12-04,0.1997960669569212
2017-12-05,0.18308234970608772
2017-12-06,0.17188304893071438
2017-12-07,0.13644751141522915
2017-12-08,0.1291766826721934
2017-12-11,0.1680821194199693
2017-12-12,0.21371160175014658
2017-12-13,0.24007384384565822
2017-12-14,0.29364469737849275
2017-12-15,0.2713472239491366
2017-12-18,0.348054802004538
2017-12-19,0.36830254580277644
2017-12-20,0.23657389457579625
2017-12-21,0.21878029379055142
2017-12-22,0.24882058911141747
2017-12-25,0.2516269307822352
2017-12-26,0.2704171139059932
2017-12-27,0.21995615858552275
2017-12-28,0.2312594024559611
2017-12-29,0.262283284278354
2018-01-01,0.28303685802034084
2018-01-02,0.28484898697106953
2018-01-03,0.2602334274122584
2018-01-04,0.28797891634085404
2018-01-05,0.29537114509026274
2018-01-08,0.3147771050718071
2018-01-09,0.29387113202643933
2018-01-10,0.2496834192806492
2018-01-11,0.1963465898874459
2018-01-12,0.1931972855281926
2018-01-15,0.16080976655778956
2018-01-16,0.1792320985366156
2018-01-17,0.17879738600266792
2018-01-18,0.20592952068471415
2018-01-19,0.20165042549127288
2018-01-22,0.23176995642437204
2018-01-23,0.26263719403450914
2018-01-24,0.20971807341944348
2018-01-25,0.24157234924203497
2018-01-26,0.23640224781346786
2018-01-29,0.31947938208079874
2018-01-30,0.3026339334415533
2018-01-31,0.29766852173128455
2018-02-01,0.25623997932425946
2018-02-02,0.30377202699766004
2018-02-05,0.29965557685243405
2018-02-06,0.3064699198196007
2018-02-07,0.30767265940997934
2018-02-08,0.3208589741035335
2018-02-09,0.33473854793759505
2018-02-12,0.28940279689768056
2018-02-13,0.3010613696720448
2018-02-14,0.3411408363241678
2018-02-15,0.36897389857992313
2018-02-16,0.41861620063685256
2018-02-19,0.41472009023900747
2018-02-20,0.42238599225492357
2018-02-21,0.43999302199263024
2018-02-22,0.44507842023292044
2018-02-23,0.43941628489167917
2018-02-26,0.4884068943728831
2018-02-27,0.4767044963308147
2018-02-28,0.5002286131873034
2018-03-01,0.44888475615726586
2018-03-02,0.42449997395792327
2018-03-05,0.4322747916276939
2018-03-06,0.4339890198939309
2018-03-07,0.44666581988298415
2018-03-08,0.45969339249112673
2018-03-09,0.4991754359107532
2018-03-12,0.4575114193347213
2018-03-13,0.4822094516173546
2018-03-14,0.45768174549011964
2018-03-15,0.48000368937184124
2018-03-16,0.4553093894186454
2018-03-19,0.4462344733252388
2018-03-20,0.46292953253848423
2018-03-21,0.393642432390659
2018-03-22,0.4003377264685819
2018-03-23,0.4408319945590027
2018-03-26,0.43688190478181155
2018-03-27,0.44728356823744964
2018-03-28,0.4233940718799958
2018-03-29,0.36264811467006486
2018-03-30,0.3137247332711156
2018-04-02,0.28534979032136853
2018-04-03,0.30130735745409376
2018-04-04,0.3250761742875973
2018-04-05,0.3517394740591441
2018-04-06,0.3733689282838797
2018-04-09,0.37538572077362475
2018-04-10,0.32606480694289075
2018-04-11,0.35417964264827684
2018-04-12,0.3460045084365383
2018-04-13,0.39492184172126343
2018-04-16,0.40965631667850066
2018-04-17,0.4298907063224773
2018-04-18,0.42970902040248127
2018-04-19,0.4554233007662214
2018-04-20,0.4663460419099913
2018-04-23,0.48552824507059533
2018-04-24,0.49274628371576434
2018-04-25,0.5076669510993476
2018-04-26,0.49105309539823727
2018-04-27,0.4874276552916943
2018-04-30,0.48273366676794205
2018-05-01,0.48221186284505546
2018-05-02,0.4700399569003906
2018-05-03,0.4455664123526162
2018-05-04,0.4507985715603693
2018-05-07,0.4075484502436607
2018-05-08,0.4057468953273058
2018-05-09,0.441439379646143
2018-05-10,0.429334704386541
2018-05-11,0.42059018841849416
2018-05-14,0.40355669055715115
2018-05-15,0.38833414786779896
2018-05-16,0.365209185812303
2018-05-17,0.38165374667344065
2018-05-18,0.39936911526378005
2018-05-21,0.38552741535469304
2018-05-22,0.3877622996532267
2018-05-23,0.3820546266247573
2018-05-24,0.3995924888962574
2018-05-25,0.3610109468270022
2018-05-28,0.3169107902652809
2018-05-29,0.3356177461969887
2018-05-30,0.2918108069487406
2018-05-31,0.26905614041665293
2018-06-01,0.2683429396671795
2018-06-04,0.22942273920440592
2018-06-05,0.2090622839430556
2018-06-06,0.2183314726998038
2018-06-07,0.19479780568391414
2018-06-08,0.12781746866593147
2018-06-11,0.13111638705026918
2018-06-12,0.06798550755072807
2018-06-13,0.05337415118151223
2018-06-14,0.062245888644170355
2018-06-15,0.08963601562827672
2018-06-18,0.14061745099268896
2018-06-19,0.20135767723813858
2018-06-20,0.07726089831749583
2018-06-21,0.060517445795403635
2018-06-22,0.10165773332695283
2018-06-25,0.110257781413587
2018-06-26,0.10284297103631945
2018-06-27,0.037260680413238934
2018-06-28,0.040378005521665816
2018-06-29,0.040749809037437634
2018-07-02,0.033584496271093056
2018-07-03,0.01984013742799917
2018-07-04,0.024933741017252653
2018-07-05,0.01638372646419961
2018-07-06,0.04854448716907711
2018-07-09,0.03508488271782195
2018-07-10,0.07203477078021803
2018-07-11,0.07614078139985314
2018-07-12,0.09176517872345147
2018-07-13,0.07961657072699668
2018-07-16,0.05922923837875915
2018-07-17,0.031541222577215144
2018-07-18,0.06528950387507171
2018-07-19,0.07976854665961641
2018-07-20,0.07406027631386813
2018-07-23,0.08571557891494497
2018-07-24,0.0431084688879565
2018-07-25,0.10769754028796952
2018-07-26,0.09728291555191393
2018-07-27,0.051499134020553505
2018-07-30,-0.00970176984832527
2018-07-31,-0.004763058315415569
2018-08-01,0.01110621330302397
2018-08-02,0.043892620456815634
2018-08-03,0.05534938279131085
2018-08-06,-0.012837580406944382
2018-08-07,-0.02219470350940045
2018-08-08,-0.0010625715115216705
2018-08-09,-0.002750001245114486
2018-08-10,0.028922455824089033
2018-08-13,0.04211147292332518
2018-08-14,0.0332959682548466
2018-08-15,0.0611601845902674
2018-08-16,0.03613404237146289
2018-08-17,0.0021144999992299685
2018-08-20,0.04056606077995162
2018-08-21,0.043911197132481705
2018-08-22,0.02673251099977958
2018-08-23,0.02086017658934347
2018-08-24,0.021694920531774464
2018-08-27,-0.025374627834040653
2018-08-28,-0.022582120650674553
2018-08-29,-0.042702356543844244
2018-08-30,-0.03593523064079196
2018-08-31,-0.02660643639668303
2018-09-03,0.05164884669110115
2018-09-04,0.023020317625467857
2018-09-05,0.047089629185006365
2018-09-06,0.04644542906573568
2018-09-07,0.09004850009949206
2018-09-10,0.049352793898858605
2018-09-11,0.050125981540662945
2018-09-12,0.05086600259092444
2018-09-13,0.03432893797329395
2018-09-14,0.012731477466105146
2018-09-17,0.005536939084301307
2018-09-18,0.01868116688232585
2018-09-19,0.05251100344453885
2018-09-20,0.023788639567988545
2018-09-21,0.021618174016037772
2018-09-24,0.0417980193335713
2018-09-25,0.07115654433867413
2018-09-26,0.09862708887419352
2018-09-27,0.09249774909486091
2018-09-28,0.05976237674911994
2018-10-01,0.07090611398374291
2018-10-02,0.029926121606962675
2018-10-03,0.08062768104156964
2018-10-04,0.097273700531093
2018-10-05,0.0947942723318258
2018-10-08,0.12756212707578496
2018-10-09,0.12240317625319641
2018-10-10,0.11159712365980645
2018-10-11,0.09967958205777006
2018-10-12,0.066674845834615
2018-10-15,0.09539853255665834
2018-10-16,0.15468261849876258
2018-10-17,0.2257970897461667
2018-10-18,0.2229277295364558
2018-10-19,0.1793784878051755
2018-10-22,0.2231454559078797
2018-10-23,0.209120328808509
2018-10-24,0.19703074954743277
2018-10-25,0.21499681735075843
2018-10-26,0.2279423356457801
2018-10-29,0.2276022383429952
2018-10-30,0.18687635974363587
2018-10-31,0.1719061595876884
2018-11-01,0.10571009219884897
2018-11-02,0.14727051135768893
2018-11-05,0.13134703486477656
2018-11-06,0.09291135198641359
2018-11-07,0.12262779814267694
2018-11-08,0.1447437390549307
2018-11-09,0.18696295061253532
2018-11-12,0.14259513194019469
2018-11-13,0.19835555626546142
2018-11-14,0.17768829597862668
2018-11-15,0.19804850732798263
2018-11-16,0.20053354253185152
2018-11-19,0.2342243631072929
2018-11-20,0.1979122022064947
2018-11-21,0.2695120294083331
2018-11-22,0.2806037864947165
2018-11-23,0.2769597930283928
2018-11-26,0.2374820430066683
2018-11-27,0.19072956649741535
2018-11-28,0.19247641214539812
2018-11-29,0.20290813461385737
2018-11-30,0.22861203297836508
2018-12-03,0.19907703883500827
2018-12-04,0.1952711816451519
2018-12-05,0.18652928375728106
2018-12-06,0.1105054384652161
2018-12-07,0.1140200887297137
2018-12-10,0.07367213669983641
2018-12-11,0.0690101147096518
2018-12-12,0.06496646489662194
2018-12-13,0.0449067839535523
2018-12-14,0.07806814331331169
2018-12-17,0.14673384530172728
2018-12-18,0.0949895617731934
2018-12-19,-0.04115203638678344
2018-12-20,-0.04701908475679917
2018-12-21,-0.049236736851225316
2018-12-24,-0.03016804271578466
2018-12-25,-0.06541975753257212
2018-12-26,-0.062339096985209674
2018-12-27,-0.057599082882597186
2018-12-28,-0.026458775785917155
2018-12-31,-0.06152448675239386
2019-01-01,-0.09705411024373733
2019-01-02,-0.05886729904957022
2019-01-03,-0.06806833477646268
2019-01-04,-0.03496100348456932
2019-01-07,-0.08032703331816515
2019-01-08,-0.09284119773679633
2019-01-09,-0.07815805054343794
2019-01-10,-0.06775618690267615
2019-01-11,-0.013792905510692122
2019-01-14,-0.004824381817431722
2019-01-15,0.01642588283860902
2019-01-16,0.06928621144522162
2019-01-17,0.10523489584382917
2019-01-18,0.08883709671059692
2019-01-21,0.1320205129234564
2019-01-22,0.1446136853089236
2019-01-23,0.12677772588772163
2019-01-24,0.1366272679788817
2019-01-25,0.13811222715731308
2019-01-28,0.15804954238251723
2019-01-29,0.155255827006268
2019-01-30,0.1355219545231638
2019-01-31,0.17308865799971657
2019-02-01,0.1901516182852669
2019-02-04,0.1597560215982176
2019-02-05,0.19954803221083817
2019-02-06,0.22638886219349813
2019-02-07,0.23605666752577442
2019-02-08,0.25389960806702416
2019-02-11,0.2113821023447018
2019-02-12,0.16656849019180114
2019-02-13,0.15955589202494241
2019-02-14,0.13347699050193237
2019-02-15,0.10792486472821514
2019-02-18,0.09546793350893856
2019-02-19,0.12375021952577403
2019-02-20,0.09911983804211116
2019-02-21,0.11746846749381196
2019-02-22,0.10345090556826536
2019-02-25,0.12028588740140189
2019-02-26,0.15598451231894195
2019-02-27,0.20499649042308798
2019-02-28,0.20938937567004373
2019-03-01,0.21967886403136172
2019-03-04,0.260421008216267
2019-03-05,0.28096737332414223
2019-03-06,0.2725389597354432
2019-03-07,0.26997959838450647
2019-03-08,0.25505270944274205
2019-03-11,0.31583986223550375
2019-03-12,0.37312264961615527
2019-03-13,0.3612882607134832
2019-03-14,0.39536810978796544
2019-03-15,0.3920979768515782
2019-03-18,0.4459330952316317
2019-03-19,0.436165383662502
2019-03-20,0.44255230006145385
2019-03-21,0.4279129311850909
2019-03-22,0.4548050424912726
2019-03-25,0.45050277413994666
2019-03-26,0.4586714268883645
2019-03-27,0.4990998883919804
2019-03-28,0.47200073823754374
2019-03-29,0.44575404836353083
2019-04-01,0.45720144888567793
2019-04-02,0.49829834435751474
2019-04-03,0.45501879191063554
2019-04-04,0.4525848954196158
2019-04-05,0.4088994297119266
2019-04-08,0.441676519146077
2019-04-09,0.4518707152241008
2019-04-10,0.4565839873941383
2019-04-11,0.5220053271214102
2019-04-12,0.5126680594640323
2019-04-15,0.5331393212360863
2019-04-16,0.48934539115955555
2019-04-17,0.4886112462917481
2019-04-18,0.5542725024012989
2019-04-19,0.5711017547954786
2019-04-22,0.5317181659799504
2019-04-23,0.4675644723043315
2019-04-24,0.43893389521994886
2019-04-25,0.4669414515354589
2019-04-26,0.43770236882634006
2019-04-29,0.45857558401131443
2019-04-30,0.45471949406304113
2019-05-01,0.4273301205030235
2019-05-02,0.4546780164266352
2019-05-03,0.4570631608962139
2019-05-06,0.4859952708187318
2019-05-07,0.4751576461913984
2019-05-08,0.40750711749124197
2019-05-09,0.3598254611583608
2019-05-10,0.3793497204159802
2019-05-13,0.3558433040778405
2019-05-14,0.3196251940346773
2019-05-15,0.30587273199972975
2019-05-16,0.35475100453946806
2019-05-17,0.3270302490712085
2019-05-20,0.2952629344671863
2019-05-21,0.2893796128649967
2019-05-22,0.28312853269850924
2019-05-23,0.2948492118017829
2019-05-24,0.30046278373581015
2019-05-27,0.28159426997768466
2019-05-28,0.3064606440823313
2019-05-29,0.31930093685161764
2019-05-30,0.3227031995423889
2019-05-31,0.329436408030263
2019-06-03,0.30213103058616386
2019-06-04,0.32801685060246766
2019-06-05,0.3177861874905906
2019-06-06,0.288856036481696
2019-06-07,0.26751665317782913
2019-06-10,0.2855739178992822
2019-06-11,0.30539182900529716
2019-06-12,0.31597189732561126
2019-06-13,0.3479178319756755
2019-06-14,0.3393812463808276
2019-06-17,0.45958193793782925
2019-06-18,0.5033737073332254
2019-06-19,0.41469744182559987
2019-06-20,0.4250200103876152
2019-06-21,0.3709465730740493
2019-06-24,0.355173880439197
2019-06-25,0.36084876353562434
2019-06-26,0.3718681727847023
2019-06-27,0.4180854039074158
2019-06-28,0.3566254524532292
2019-07-01,0.39498429767375687
2019-07-02,0.3153427358610965
2019-07-03,0.31589627764581196
2019-07-04,0.2910349387250808
2019-07-05,0.28903668720162157
2019-07-08,0.23469532839772012
2019-07-09,0.19814926755481077
2019-07-10,0.21263969661680537
2019-07-11,0.19882161719175862
2019-07-12,0.17865264617864396
2019-07-15,0.1413089831432166
2019-07-16,0.12278036018332161
2019-07-17,0.09968419457471245
2019-07-18,0.10522320649057881
2019-07-19,0.09458938018316165
2019-07-22,0.10262409047956866
2019-07-23,0.13085717115018436
2019-07-24,0.18281392541590935
2019-07-25,0.21331303279426783
2019-07-26,0.18111406333487212
2019-07-29,0.21074505584880066
2019-07-30,0.24488663875509853
2019-07-31,0.2077301013975122
2019-08-01,0.2227207821172013
2019-08-02,0.2987080356845597
2019-08-05,0.27909377569826543
2019-08-06,0.3170636031122397
2019-08-07,0.32708606238135335
2019-08-08,0.30293335927943565
2019-08-09,0.32201605362673336
2019-08-12,0.2636370077825269
2019-08-13,0.26876256740560905
2019-08-14,0.3190797445108229
2019-08-15,0.3621276822616428
2019-08-16,0.4171562514460835
2019-08-19,0.4012112983082198
2019-08-20,0.3944591097574546
2019-08-21,0.37926941681710485
2019-08-22,0.3458233295728772
2019-08-23,0.3432874276681779
2019-08-26,0.26755354426411015
2019-08-27,0.2941295655514101
2019-08-28,0.2565670000246192
2019-08-29,0.267009569029513
2019-08-30,0.2919612065632273
2019-09-02,0.3385594932301276
2019-09-03,0.39240254894096527
2019-09-04,0.36949271177749665
2019-09-05,0.2977360734029516
2019-09-06,0.30808910667445333
2019-09-09,0.3545692557455624
2019-09-10,0.36953234504509536
2019-09-11,0.3679836917145255
2019-09-12,0.37789905988030426
2019-09-13,0.3425671701433406
2019-09-16,0.31157209241872685
2019-09-17,0.3410883980445729
2019-09-18,0.3478923932824984
2019-09-19,0.32046384317695437
2019-09-20,0.35281253350323566
2019-09-23,0.3691724096241804
2019-09-24,0.3654664521417829
2019-09-25,0.39860247731452925
2019-09-26,0.407376990911978
2019-09-27,0.36237359577079903
2019-09-30,0.3634061680672467
2019-10-01,0.3185160951783943
2019-10-02,0.2790517376245687
2019-10-03,0.27923933779313426
2019-10-04,0.2718806086027501
2019-10-07,0.28084468626902864
2019-10-08,0.33520386837673505
2019-10-09,0.39684546276391136
2019-10-10,0.43270809440010344
2019-10-11,0.41056387764233215
2019-10-14,0.42500781109867336
2019-10-15,0.4833640404931409
2019-10-16,0.4791915171668504
2019-10-17,0.4907998633041591
2019-10-18,0.44640629859840414
2019-10-21,0.44094703848238676
2019-10-22,0.49268395894974887
2019-10-23,0.4843224785947253
2019-10-24,0.462614843594466
2019-10-25,0.4733226201391787
2019-10-28,0.502615247496809
2019-10-29,0.5083490476393879
2019-10-30,0.5267096501248838
2019-10-31,0.5428907884489679
2019-11-01,0.44345334791597213
2019-11-04,0.46282745534913605
2019-11-05,0.48834606604202857
2019-11-06,0.4729088728340184
2019-11-07,0.49745952877620847
2019-11-08,0.488015196194598
2019-11-11,0.47828978067290684
2019-11-12,0.4718866012648525
2019-11-13,0.4723060811707689
2019-11-14,0.5528390685324892
2019-11-15,0.557505450794965
2019-11-18,0.5971202140844192
2019-11-19,0.5846826078444745
2019-11-20,0.5628063705804617
2019-11-21,0.5463440916286415
2019-11-22,0.5944435714396799
2019-11-25,0.5717761271328463
2019-11-26,0.5732607314836111
2019-11-27,0.5497228055689029
2019-11-28,0.5778365018053188
2019-11-29,0.5798232446662128
2019-12-02,0.6050135311415379
2019-12-03,0.6072548287510917
2019-12-04,0.6257548450490531
2019-12-05,0.5526551229888521
2019-12-06,0.5674360175765418
2019-12-09,0.6071525137919764
2019-12-10,0.5807671453283314
2019-12-11,0.5531588958822945
2019-12-12,0.5694654131679205
2019-12-13,0.6086877797979319
2019-12-16,0.6375287326106311
2019-12-17,0.6537655706852611
2019-12-18,0.5265910208541054
2019-12-19,0.5239213684038999
2019-12-20,0.49584486781863013
2019-12-23,0.5360886316198805
2019-12-24,0.5425957116233122
2019-12-25,0.5727199582635354
2019-12-26,0.5430744854622818
2019-12-27,0.5186345502784764
2019-12-30,0.4333137386571694
2019-12-31,0.43909769480827077
2020-01-01,0.4288348241455767
2020-01-02,0.43651219230732097
2020-01-03,0.4145396966417352
2020-01-06,0.42512570847835596
2020-01-07,0.4206180994226254
2020-01-08,0.4254522040930062
2020-01-09,0.44040315072445857
2020-01-10,0.4301395604286704
2020-01-13,0.4134013948354892
2020-01-14,0.3611895795113057
2020-01-15,0.38101683659509633
2020-01-16,0.3498143121780124
2020-01-17,0.32904972114419495
2020-01-20,0.3599085484506772
2020-01-21,0.36116545447027226
2020-01-22,0.3743840496013089
2020-01-23,0.3749057803532514
2020-01-24,0.35281402625319513
2020-01-27,0.3373977815927196
2020-01-28,0.3405683490429099
2020-01-29,0.3119869856769302
2020-01-30,0.3234508109860945
2020-01-31,0.31275067043725624
2020-02-03,0.32277621233125064
2020-02-04,0.26916581814071405
2020-02-05,0.2524746366876631
2020-02-06,0.26632265560586066
2020-02-07,0.3073968579123293
2020-02-10,0.23635383930449072
2020-02-11,0.3056735022756748
2020-02-12,0.331823195467537
2020-02-13,0.30794024530383257
2020-02-14,0.26922117904524
2020-02-17,0.32362036564186625
2020-02-18,0.3551686816705273
2020-02-19,0.3848210734487453
2020-02-20,0.3395395903931042
2020-02-21,0.3234226151557136
2020-02-24,0.3433003407753821
2020-02-25,0.33554203758983436
2020-02-26,0.32153201589762825
2020-02-27,0.33954313556334803
2020-02-28,0.3518979002573982
2020-03-02,0.41115460247243574
2020-03-03,0.4447494819615786
2020-03-04,0.48550313953650037
2020-03-05,0.46424798301572134
2020-03-06,0.45848240482253044
2020-03-09,0.48714980047964374
2020-03-10,0.4769443966096789
2020-03-11,0.456503751875702
2020-03-12,0.4224380609597571
2020-03-13,0.4277277134520212
2020-03-16,0.46273804793585893
2020-03-17,0.49218366594973206
2020-03-18,0.392172561129285
2020-03-19,0.4003818357069515
2020-03-20,0.3925870006786265
2020-03-23,0.41183201500814004
2020-03-24,0.4229601922512334
2020-03-25,0.4033749154918115
2020-03-26,0.3845509310437232
2020-03-27,0.42347748751636693
2020-03-30,0.42357014891476563
2020-03-31,0.43548290764082
2020-04-01,0.47413359663214605
2020-04-02,0.4395521050772022
2020-04-03,0.46371470929565606
2020-04-06,0.4534403479235687
2020-04-07,0.4702519166649102
2020-04-08,0.4724547402270711
2020-04-09,0.4859859795631696
2020-04-10,0.44207874410088577
2020-04-13,0.4071837542445764
2020-04-14,0.4151875684361028
2020-04-15,0.417793807911619
2020-04-16,0.4272424874637637
2020-04-17,0.40577595790156873
2020-04-20,0.3999612002948283
2020-04-21,0.4222881680209182
2020-04-22,0.4163992393833693
2020-04-23,0.41621010803827496
2020-04-24,0.38128620213588227
2020-04-27,0.37857115812724196
2020-04-28,0.365374971232471
2020-04-29,0.4050061129524224
2020-04-30,0.4108733453060611
2020-05-01,0.4302571874584745
2020-05-04,0.4474709862309798
2020-05-05,0.4451206971855959
2020-05-06,0.45043117408320066
2020-05-07,0.43815584106556127
2020-05-08,0.44078571666651967
2020-05-11,0.47888936488099443
2020-05-12,0.45013323435516694
2020-05-13,0.4797547795189242
2020-05-14,0.49623508162946517
2020-05-15,0.47115544952245736
2020-05-18,0.4839191375076184
2020-05-19,0.47044869053881166
2020-05-20,0.5014376914374579
2020-05-21,0.47021504938471037
2020-05-22,0.47993346453185937
2020-05-25,0.4718203460769116
2020-05-26,0.4930020788318421
2020-05-27,0.49684710432000545
2020-05-28,0.5352976641320505
2020-05-29,0.5322636535274515
2020-06-01,0.5076801772298309
2020-06-02,0.5298244727624997
2020-06-03,0.526181740105272
2020-06-04,0.48821124974281327
2020-06-05,0.5155923606685364
2020-06-08,0.4490279568579869
2020-06-09,0.4412481269773676
2020-06-10,0.4516967625161066
2020-06-11,0.48914009100481204
2020-06-12,0.4796853940949193
2020-06-15,0.541846160163194
2020-06-16,0.6001868181785496
2020-06-17,0.5199887806263628
2020-06-18,0.5812206881008147
2020-06-19,0.5957612491355876
2020-06-22,0.6335217441215628
2020-06-23,0.6690217061456843
2020-06-24,0.6292072326538728
2020-06-25,0.6124983774269286
2020-06-26,0.5701891360030241
2020-06-29,0.5139824903408321
2020-06-30,0.529315415661299
2020-07-01,0.5570465330515635
2020-07-02,0.5539436079493242
2020-07-03,0.5969635679695912
2020-07-06,0.6034091489868112
2020-07-07,0.5754611874336635
2020-07-08,0.5927358864752403
2020-07-09,0.6038903385559156
2020-07-10,0.5878844327884756
2020-07-13,0.5866425990611881
2020-07-14,0.5294485727825222
2020-07-15,0.5441721162873099
2020-07-16,0.5396459129571876
2020-07-17,0.53469293662527
2020-07-20,0.5649449264530075
2020-07-21,0.5165497257082956
2020-07-22,0.566036606661688
2020-07-23,0.5804612441987214
2020-07-24,0.6482265696303349
2020-07-27,0.6254474601781486
2020-07-28,0.6330751905251295
2020-07-29,0.6019606876019992
2020-07-30,0.6231930075899765
2020-07-31,0.6148212396269532
2020-08-03,0.643898690591169
2020-08-04,0.6028090117661766
2020-08-05,0.5895832871805753
2020-08-06,0.5872705406802696
2020-08-07,0.5967510797208366
2020-08-10,0.5388894062978711
2020-08-11,0.5169882471908656
2020-08-12,0.5260095235143725
2020-08-13,0.5313633721751703
2020-08-14,0.5231447083835301
2020-08-17,0.5051200701681124
2020-08-18,0.4673872572371578
2020-08-19,0.4903676421272962
2020-08-20,0.5006722869983018
2020-08-21,0.49345049944330377
2020-08-24,0.4672582288971099
2020-08-25,0.4446461811815403
2020-08-26,0.4343783847128999
2020-08-27,0.44340045345711876
2020-08-28,0.41277173282687607
2020-08-31,0.41446074598846705
2020-09-01,0.4593074219429345
2020-09-02,0.4515772949589757
2020-09-03,0.4633443779446018
2020-09-04,0.4750256815761651
2020-09-07,0.499804163432654
2020-09-08,0.514353785768008
2020-09-09,0.5289075981929916
2020-09-10,0.5076937097835938
2020-09-11,0.50425279869157
2020-09-14,0.5704716507288219
2020-09-15,0.562702918786552
2020-09-16,0.5648117352308755
2020-09-17,0.5622192386638669
2020-09-18,0.5596811644968371
2020-09-21,0.5466596521213263
2020-09-22,0.502847320136457
2020-09-23,0.5133113574351222
2020-09-24,0.5650480530064905
2020-09-25,0.5563108590435807
2020-09-28,0.4767252639331542
2020-09-29,0.49030490379112
2020-09-30,0.47536461172691624
2020-10-01,0.4696632887911021
2020-10-02,0.46107733448175225
2020-10-05,0.43692213173023053
2020-10-06,0.44994026097818196
2020-10-07,0.477425178585428
2020-10-08,0.47455008649866603
2020-10-09,0.4651841752202247
2020-10-12,0.4972578335894363
2020-10-13,0.4825202937539168
2020-10-14,0.48134762051398106
2020-10-15,0.4831483534447374
2020-10-16,0.4841616913132959
2020-10-19,0.4889929168054472
2020-10-20,0.46723167643151375
2020-10-21,0.4888321715506806
2020-10-22,0.4849202081195979
2020-10-23,0.46576896379076516
2020-10-26,0.37768400224449705
2020-10-27,0.4143048908551795
2020-10-28,0.3938297576577756
2020-10-29,0.3940721467952757
2020-10-30,0.3648604152045277
2020-11-02,0.30374298990066206
2020-11-03,0.343076703858868
2020-11-04,0.35228897308711593
2020-11-05,0.3916148654814
2020-11-06,0.4176315374112102
2020-11-09,0.45273912366565017
2020-11-10,0.40243602504839937
2020-11-11,0.47198514427563576
2020-11-12,0.4484713254714947
2020-11-13,0.5111503724378144
2020-11-16,0.5578544177464784
2020-11-17,0.5808211185927432
2020-11-18,0.6249511354828312
2020-11-19,0.6143956052446333
2020-11-20,0.6229422119727932
2020-11-23,0.6353045507377877
2020-11-24,0.6388488444202303
2020-11-25,0.612936630510079
2020-11-26,0.6518791879409584
2020-11-27,0.6570538574084397
2020-11-30,0.6673346701199365
2020-12-01,0.6889611788656675
2020-12-02,0.6703507036775822
2020-12-03,0.6829109718089208
2020-12-04,0.6892487436473704
2020-12-07,0.6853877950997664
2020-12-08,0.7076876027558401
2020-12-09,0.7257091258431154
2020-12-10,0.6853229000180381
2020-12-11,0.6523496060511345
2020-12-14,0.6660162276096393
2020-12-15,0.6363643347347734
2020-12-16,0.46506079652472
2020-12-17,0.4684230161431586
2020-12-18,0.48775883793280617
2020-12-21,0.48390182085165057
2020-12-22,0.47385999732400874
2020-12-23,0.5103395520491907
2020-12-24,0.5221458200402789
2020-12-25,0.5094297939634811
2020-12-28,0.48241834724673094
2020-12-29,0.4613679015935632
2020-12-30,0.45677866128363065
2020-12-31,0.4413716981248732
2021-01-01,0.42319777400467573
2021-01-04,0.367627488228234
2021-01-05,0.38923189713016515
2021-01-06,0.4072042114169956
2021-01-07,0.39946401474229676
2021-01-08,0.4366060105443732
2021-01-11,0.3986939378874481
2021-01-12,0.4004291735436498
2021-01-13,0.3627366649967445
2021-01-14,0.36751031552720637
2021-01-15,0.3298396369235017
2021-01-18,0.35015998972948537
2021-01-19,0.38287989716641735
2021-01-20,0.4230865715694885
2021-01-21,0.3993341791609928
2021-01-22,0.3673042976297052
2021-01-25,0.370074015503012
2021-01-26,0.3787339542773238
2021-01-27,0.355075441538514
2021-01-28,0.35703584292745405
2021-01-29,0.340969730365172
2021-02-01,0.2652507508333699
2021-02-02,0.33186357308182246
2021-02-03,0.33995207362101887
2021-02-04,0.31234865525112254
2021-02-05,0.30668670650580365
2021-02-08,0.36094730748083403
2021-02-09,0.3739730158773602
2021-02-10,0.32812077625182434
2021-02-11,0.31496855954785197
2021-02-12,0.30320908514298117
2021-02-15,0.33343353832328515
2021-02-16,0.31446336429698096
2021-02-17,0.3232268068406301
2021-02-18,0.31919320763550885
2021-02-19,0.3448536733701555
2021-02-22,0.3268920238800217
2021-02-23,0.30907337270298907
2021-02-24,0.3065310364852172
2021-02-25,0.3495626882471461
2021-02-26,0.3574694111404979
2021-03-01,0.3654683213790413
2021-03-02,0.37108534063532117
2021-03-03,0.37926507495530104
2021-03-04,0.4065797308751551
2021-03-05,0.4270091104755833
2021-03-08,0.42250642191483334
2021-03-09,0.3916224355027811
2021-03-10,0.37078586981202166
2021-03-11,0.36512651431130116
2021-03-12,0.4121661521772171
2021-03-15,0.4083364568290062
2021-03-16,0.40561974340216267
2021-03-17,0.2634722418246369
2021-03-18,0.28259064861566685
2021-03-19,0.2789058187164186
2021-03-22,0.28458893151771236
2021-03-23,0.28528306213868637
2021-03-24,0.25084537154852304
2021-03-25,0.21822798183993686
2021-03-26,0.20875714753445052
2021-03-29,0.2284826238496127
2021-03-30,0.23102938041158638
2021-03-31,0.2209225527095049
2021-04-01,0.19322484803994056
2021-04-02,0.22716211357880545
2021-04-05,0.22070179348674934
2021-04-06,0.2134456234682296
2021-04-07,0.26082425293632583
2021-04-08,0.25728527431642856
2021-04-09,0.3152681937473629
2021-04-12,0.2506310298204111
2021-04-13,0.23094886792970637
2021-04-14,0.27368409697029683
2021-04-15,0.31035851866738806
2021-04-16,0.23104334031415175
2021-04-19,0.21498177752920677
2021-04-20,0.19967665143583113
2021-04-21,0.19073241615116443
2021-04-22,0.2076799134108439
2021-04-23,0.19226443368987656
2021-04-26,0.11593082979913005
2021-04-27,0.07063828085903245
2021-04-28,0.1274129375682822
2021-04-29,0.12828713329192531
2021-04-30,0.14004400386261873
2021-05-03,0.1552823353531061
2021-05-04,0.18296189464644008
2021-05-05,0.1868665023149111
2021-05-06,0.17994618482247993
2021-05-07,0.18479364226424155
2021-05-10,0.1733241670038701
2021-05-11,0.1337252431189927
2021-05-12,0.025754896715613262
2021-05-13,0.03767342974096011
2021-05-14,0.07309552326673263
2021-05-17,0.09023491671243311
2021-05-18,0.0850997940130086
2021-05-19,0.08085093840644841
2021-05-20,0.10184539873865917
2021-05-21,0.1268522959970444
2021-05-24,0.10609846043635152
2021-05-25,0.08839375135953653
2021-05-26,0.11139941252516039
2021-05-27,0.1199655141389866
2021-05-28,0.1759156752826223
2021-05-31,0.15337582479288714
2021-06-01,0.10623111295274712
2021-06-02,0.052629035236496424
2021-06-03,0.09023491896754787
2021-06-04,0.10377171367115601
2021-06-07,0.08814232918192633
2021-06-08,0.1259986887309441
2021-06-09,0.1539330025151724
2021-06-10,0.12730192746405777
2021-06-11,0.18091034311749066
2021-06-14,0.23571220249660663
2021-06-15,0.27397212914100555
2021-06-16,0.14516427541814414
2021-06-17,0.1455036038067854
2021-06-18,0.15724839440742389
2021-06-21,0.15051260888883244
2021-06-22,0.17920746723667147
2021-06-23,0.18418809477054698
2021-06-24,0.15469511418471504
2021-06-25,0.16951480640307603
2021-06-28,0.16596533883457343
2021-06-29,0.156051416077424
2021-06-30,0.18210420396836224
2021-07-01,0.1938767702415023
2021-07-02,0.14939008660717645
2021-07-05,0.20071227304607975
2021-07-06,0.22104268471941513
2021-07-07,0.22704462474704368
2021-07-08,0.2714352193248044
2021-07-09,0.30952385108830227
2021-07-12,0.33079542299454734
2021-07-13,0.3467532532210702
2021-07-14,0.32158234708571487
2021-07-15,0.30753332187868754
2021-07-16,0.2634113753965863
2021-07-19,0.26683608448572027
2021-07-20,0.30008244065857936
2021-07-21,0.24546521516443698
2021-07-22,0.21658538111888848
2021-07-23,0.2180387357468765
2021-07-26,0.22411423005313558
2021-07-27,0.2184140144237916
2021-07-28,0.19602843477839738
2021-07-29,0.16457376304622162
2021-07-30,0.20639424543397156
2021-08-02,0.23105546934900056
2021-08-03,0.24472038808938468
2021-08-04,0.23597748557964882
2021-08-05,0.27038188327756774
2021-08-06,0.2360927332875018
2021-08-09,0.22076458314856895
2021-08-10,0.21430244866172687
2021-08-11,0.2490874505457077
2021-08-12,0.2537052405529294
2021-08-13,0.28152154542265717
2021-08-16,0.248131648866859
2021-08-17,0.23003045222033713
2021-08-18,0.21782350799361638
2021-08-19,0.18762284807915175
2021-08-20,0.2261800937629983
2021-08-23,0.22823598210569807
2021-08-24,0.2307637721984721
2021-08-25,0.23340687340742283
2021-08-26,0.18625931504940363
2021-08-27,0.2413179234515741
2021-08-30,0.23959353275870132
2021-08-31,0.2131545974426332
2021-09-01,0.24895269191587865
2021-09-02,0.2815115796934895
2021-09-03,0.32401836749130997
2021-09-06,0.2843770048653669
2021-09-07,0.28792225960877116
2021-09-08,0.25076980611555943
2021-09-09,0.3023496423409573
2021-09-10,0.33124924067379324
2021-09-13,0.39220271771391024
2021-09-14,0.42249660830625646
2021-09-15,0.441448217170491
2021-09-16,0.4446653651850587
2021-09-17,0.44555768783212335
2021-09-20,0.43341424207404944
2021-09-21,0.41661884001771565
2021-09-22,0.45952508037963347
2021-09-23,0.3650770689894838
2021-09-24,0.35267691224266196
2021-09-27,0.37995202948092877
2021-09-28,0.4479045508207833
2021-09-29,0.45328240082394944
2021-09-30,0.48465719323210643
2021-10-01,0.4411229771484758
2021-10-04,0.3931606935093933
2021-10-05,0.38769157356351125
2021-10-06,0.39789640929229564
2021-10-07,0.42939498371394025
2021-10-08,0.4172198703094092
2021-10-11,0.38501252803181263
2021-10-12,0.4430350706070283
2021-10-13,0.45223501286166745
2021-10-14,0.4688932289541068
2021-10-15,0.4896979949266552
2021-10-18,0.5101982180995882
2021-10-19,0.50822937213236
2021-10-20,0.5346000893467657
2021-10-21,0.5586513687497815
2021-10-22,0.5941664533923783
2021-10-25,0.5894701345478135
2021-10-26,0.5549989255137248
2021-10-27,0.5993374033347543
2021-10-28,0.5734228307780367
2021-10-29,0.5726652409312524
2021-11-01,0.578123617857601
2021-11-02,0.5883279118004117
2021-11-03,0.6238208028383001
2021-11-04,0.6015779543977164
2021-11-05,0.5931044954017585
2021-11-08,0.5733814405724658
2021-11-09,0.6039238558569787
2021-11-10,0.603817366577175
2021-11-11,0.5753391428832594
2021-11-12,0.6087434979655948
2021-11-15,0.6012496407089514
2021-11-16,0.5949529854685882
2021-11-17,0.5943930054165624
2021-11-18,0.5876677826801486
2021-11-19,0.5947022456956373
2021-11-22,0.5775417062533267
2021-11-23,0.5752250783031908
2021-11-24,0.5669748471123712
2021-11-25,0.610807614727051
2021-11-26,0.5645330352865277
2021-11-29,0.5521026714878647
2021-11-30,0.529920296534625
2021-12-01,0.5473817745429069
2021-12-02,0.537351302458001
2021-12-03,0.5796129979279634
2021-12-06,0.5718343696503221
2021-12-07,0.5882945307801797
2021-12-08,0.5413910362453247
2021-12-09,0.5908903214657855
2021-12-10,0.5796991039255237
2021-12-13,0.656531273856184
2021-12-14,0.6945553555252345
2021-12-15,0.5653394949688284
2021-12-16,0.5836128708047983
2021-12-17,0.5596259127547243
2021-12-20,0.5590142316717611
2021-12-21,0.5706305557898076
2021-12-22,0.5637540137630895
2021-12-23,0.5278287145625495
2021-12-24,0.48984626145943166
2021-12-27,0.5606518201158661
2021-12-28,0.566654974128115
2021-12-29,0.5769990712078088
2021-12-30,0.6101173650466458
2021-12-31,0.6230312750963266
2022-01-03,0.5993792515063123
2022-01-04,0.5958290649252037
2022-01-05,0.6130927797624497
2022-01-06,0.5323566508303252
2022-01-07,0.5333876317968644
2022-01-10,0.5317392858476444
2022-01-11,0.5488012723133184
2022-01-12,0.5890242863912751
2022-01-13,0.5969588604670415
2022-01-14,0.6144316757518629
2022-01-17,0.6094229608542654
2022-01-18,0.6101922845503872
2022-01-19,0.570182062976519
2022-01-20,0.5560568733118482
2022-01-21,0.5898390837572121
2022-01-24,0.5964381932596532
2022-01-25,0.5612841991493845
2022-01-26,0.5709986028655019
2022-01-27,0.5540051731545711
2022-01-28,0.579919679018223
2022-01-31,0.5840358414272037
2022-02-01,0.5887487037757853
2022-02-02,0.5815545870048163
2022-02-03,0.5923582223217599
2022-02-04,0.6159664852753275
2022-02-07,0.5958621474299945
2022-02-08,0.5718894825999105
2022-02-09,0.5419725588356129
2022-02-10,0.5300736518513589
2022-02-11,0.5213230383126404
2022-02-14,0.5266145864893377
2022-02-15,0.5085768282384597
2022-02-16,0.4918606421650866
2022-02-17,0.4699416806429686
2022-02-18,0.4899157389102131
2022-02-21,0.5188615639685394
2022-02-22,0.5647077083246226
2022-02-23,0.5545218270514337
2022-02-24,0.5361203361599223
2022-02-25,0.5158620051891439
2022-02-28,0.4965438149173801
2022-03-01,0.4926862100450772
2022-03-02,0.46983532552178564
2022-03-03,0.5037867859030357
2022-03-04,0.4925904192080144
2022-03-07,0.49564835416318387
2022-03-08,0.47255616982584936
2022-03-09,0.40390132666475465
2022-03-10,0.4152681073754718
2022-03-11,0.43726236062658363
2022-03-14,0.44544549839571124
2022-03-15,0.4938896279370759
2022-03-16,0.44951440800250364
2022-03-17,0.42988585208318875
2022-03-18,0.3943317268675516
2022-03-21,0.4334822540466816
2022-03-22,0.4468602782011082
2022-03-23,0.5078941335389855
2022-03-24,0.4993993808216052
2022-03-25,0.4682601294014017
2022-03-28,0.4244732368218309
2022-03-29,0.4640383343438297
2022-03-30,0.5226556296987841
2022-03-31,0.5391043598223773
2022-04-01,0.5651610733445797
2022-04-04,0.5327162655074633
2022-04-05,0.5125313248114228
2022-04-06,0.5167986706217372
2022-04-07,0.538198862845616
2022-04-08,0.4919431508589367
2022-04-11,0.5095321298785267
2022-04-12,0.46973342987316546
2022-04-13,0.4649085218790229
2022-04-14,0.47323305035881036
2022-04-15,0.4810080215253666
2022-04-18,0.4927424308998031
2022-04-19,0.47661709834799537
2022-04-20,0.4522456214999214
2022-04-21,0.39417228795592374
2022-04-22,0.36197678303649616
2022-04-25,0.3548936607101575
2022-04-26,0.3770600696490247
2022-04-27,0.3470064836091967
2022-04-28,0.38786198284558016
2022-04-29,0.45490294683342014
2022-05-02,0.4477676883288785
2022-05-03,0.49256464685996726
2022-05-04,0.507910880205013
2022-05-05,0.5468672519637677
2022-05-06,0.5588346350277975
2022-05-09,0.5676267142850252
2022-05-10,0.523692981672832
2022-05-11,0.5213932211010173
2022-05-12,0.5638458709027828
2022-05-13,0.5883371667220987
2022-05-16,0.5577640551817133
2022-05-17,0.5960707789902489
2022-05-18,0.5898997006119104
2022-05-19,0.5392647306421134
2022-05-20,0.5359656172291898
2022-05-23,0.5780791904365437
2022-05-24,0.5676940401140385
2022-05-25,0.6337310504293321
2022-05-26,0.6775855355220202
2022-05-27,0.6852774605501524
2022-05-30,0.6713851562996886
2022-05-31,0.6798864148934567
2022-06-01,0.6985461455280917
2022-06-02,0.7202474780542627
2022-06-03,0.7182807843594281
2022-06-06,0.759524471670753
2022-06-07,0.7771809845162687
2022-06-08,0.7568106848444405
2022-06-09,0.788700768267925
2022-06-10,0.8204669871726018
2022-06-13,0.8972923056417637
2022-06-14,0.9056506626851879
2022-06-15,0.806674372717801
2022-06-16,0.7567138915018043
2022-06-17,0.7377150277872051
2022-06-20,0.7471669717694227
2022-06-21,0.703502727541258
2022-06-22,0.7176414809730463
2022-06-23,0.7101401415276465
2022-06-24,0.7381334657098126
2022-06-27,0.7057189929462437
2022-06-28,0.7322460026819133
2022-06-29,0.7299556098021172
2022-06-30,0.6843952666599673
2022-07-01,0.7507804109914153
2022-07-04,0.7777762949932407
2022-07-05,0.7426581347339465
2022-07-06,0.7515592406136953
2022-07-07,0.7575931837284706
2022-07-08,0.738774852010945
2022-07-11,0.7252195934459527
2022-07-12,0.7341169191762016
2022-07-13,0.7434961564334284
2022-07-14,0.7188458482133293
2022-07-15,0.713827468377968
2022-07-18,0.764972080054908
2022-07-19,0.7516613896604509
2022-07-20,0.798355421492472
2022-07-21,0.7649447330916157
2022-07-22,0.7393557664293022
2022-07-25,0.7798201483886262
2022-07-26,0.72258781515307
2022-07-27,0.696746866689655
2022-07-28,0.6739972255894691
2022-07-29,0.6475773815038637
2022-08-01,0.653233606991759
2022-08-02,0.6496279145996855
2022-08-03,0.6629495372176759
2022-08-04,0.6042561912357569
2022-08-05,0.5908160109695373
2022-08-08,0.5461289910040137
2022-08-09,0.5796709256885639
2022-08-10,0.5718910563238366
2022-08-11,0.5646840766708445
2022-08-12,0.5634188358631287
2022-08-15,0.6106086305241982
2022-08-16,0.6380665961085314
2022-08-17,0.6572523214563677
2022-08-18,0.6765185675927543
2022-08-19,0.6569624135691556
2022-08-22,0.6213901295243809
2022-08-23,0.6151180010005821
2022-08-24,0.6244349098779618
2022-08-25,0.6403538989359732
2022-08-26,0.6258854562918972
2022-08-29,0.596347245303043
2022-08-30,0.5807091339814165
2022-08-31,0.5112011370932925
2022-09-01,0.5662048678154041
2022-09-02,0.5441199114892308
2022-09-05,0.5633454617870184
2022-09-06,0.49655610792948934
2022-09-07,0.5193680789189619
2022-09-08,0.5376892865367959
2022-09-09,0.529169744136698
2022-09-12,0.5600925009292002
2022-09-13,0.5429443347854672
2022-09-14,0.5457409251385703
2022-09-15,0.5775940457850983
2022-09-16,0.6188128425851382
2022-09-19,0.6425431870562273
2022-09-20,0.6165441887929046
2022-09-21,0.6133313893455921
2022-09-22,0.5788128008499098
2022-09-23,0.5788846483634513
2022-09-26,0.5812872053039662
2022-09-27,0.6153943501830657
2022-09-28,0.5789429765257759
2022-09-29,0.5745629672769237
2022-09-30,0.57296296869141
2022-10-03,0.5329126889466425
2022-10-04,0.491417048307911
2022-10-05,0.4726937552962802
2022-10-06,0.49187864250708535
2022-10-07,0.4792448792555324
2022-10-10,0.48735887098733466
2022-10-11,0.41973244358680195
2022-10-12,0.3665013166809652
2022-10-13,0.31113751850258464
2022-10-14,0.27139128274358537
2022-10-17,0.29117166913377734
2022-10-18,0.3090012998322029
2022-10-19,0.2784439998207735
2022-10-20,0.3175167272418553
2022-10-21,0.3290974021137385
2022-10-24,0.2600335649485761
2022-10-25,0.2527284088962001
2022-10-26,0.2258115977375763
2022-10-27,0.28867911941484303
2022-10-28,0.33306667120637257
2022-10-31,0.3528762428402161
2022-11-01,0.36539309313332824
2022-11-02,0.3952091980164727
2022-11-03,0.3975362159034188
2022-11-04,0.4271604915063867
2022-11-07,0.44211426224375483
2022-11-08,0.42901627680217835
2022-11-09,0.4512895780146109
2022-11-10,0.4440538349200256
2022-11-11,0.4416711918120966
2022-11-14,0.4115504041653899
2022-11-15,0.37424196226465445
2022-11-16,0.3952586855647484
2022-11-17,0.4493571200168893
2022-11-18,0.40208740955500266
2022-11-21,0.4172695263540973
2022-11-22,0.43253388446379115
2022-11-23,0.33231484788550647
2022-11-24,0.29351335937832723
2022-11-25,0.3194205225916107
2022-11-28,0.2867639577302603
2022-11-29,0.28731369712988575
2022-11-30,0.35475501885745575
2022-12-01,0.40783814924243966
2022-12-02,0.40464776009048964
2022-12-05,0.38323857303676023
2022-12-06,0.3865039365865779
2022-12-07,0.41989443057845977
2022-12-08,0.4576391107223432
2022-12-09,0.4705691834880672
2022-12-12,0.459478782246175
2022-12-13,0.42130395768187356
2022-12-14,0.4233320087435657
2022-12-15,0.45556153980493264
2022-12-16,0.49287433600909725
2022-12-19,0.5141645495891729
2022-12-20,0.5167976094159221
2022-12-21,0.3174839560568563
2022-12-22,0.3544862364348971
2022-12-23,0.37291468715414533
2022-12-26,0.4312886065528436
2022-12-27,0.4310310922361046
2022-12-28,0.43017181389685977
2022-12-29,0.4414471743359111
2022-12-30,0.4529081518280158
2023-01-02,0.46197917256008947
2023-01-03,0.45672904784373225
2023-01-04,0.4733954068025992
2023-01-05,0.47357603809789306
2023-01-06,0.4386153460437313
2023-01-09,0.45299069545564086
2023-01-10,0.43741351382637916
2023-01-11,0.39282848385886837
2023-01-12,0.41934990302575903
2023-01-13,0.3833740676021967
2023-01-16,0.38995446337712303
2023-01-17,0.3401600134942234
2023-01-18,0.3013560236976016
2023-01-19,0.3008652530614667
2023-01-20,0.3057320762127992
2023-01-23,0.27852212172713486
2023-01-24,0.25537336564860635
2023-01-25,0.26479593164907245
2023-01-26,0.24326345247559433
2023-01-27,0.3014992014606954
2023-01-30,0.2787619954696783
2023-01-31,0.29237754656861015
2023-02-01,0.3349994893379936
2023-02-02,0.3642831473864899
2023-02-03,0.34890147308494457
2023-02-06,0.3520003530606287
2023-02-07,0.3613698068087642
2023-02-08,0.3762853616346228
2023-02-09,0.3554389309890733
2023-02-10,0.37927860713634753
2023-02-13,0.3818151684099659
2023-02-14,0.35366666859397844
2023-02-15,0.33695001288219995
2023-02-16,0.3424186205885884
2023-02-17,0.31118192658441934
2023-02-20,0.2802430956085463
2023-02-21,0.24871478011419512
2023-02-22,0.24274325320503382
2023-02-23,0.2511652782176126
2023-02-24,0.26026579056633753
2023-02-27,0.19004822813775435
2023-02-28,0.16670829406144233
2023-03-01,0.11972463246223036
2023-03-02,0.1494883896223108
2023-03-03,0.14651857318583805
2023-03-06,0.15751660846063553
2023-03-07,0.18252117212472074
2023-03-08,0.20487667305465285
2023-03-09,0.2319415517267851
2023-03-10,0.24100256703620093
2023-03-13,0.26330029827910517
2023-03-14,0.21192689695639022
2023-03-15,0.14001818226491713
2023-03-16,0.12497294950740945
2023-03-17,0.18731263697504053
2023-03-20,0.17394727810265986
2023-03-21,0.15278983550249925
2023-03-22,0.18697964746135698
2023-03-23,0.2589278460336901
2023-03-24,0.28951621031997743
2023-03-27,0.27129128910143174
2023-03-28,0.30786001152002795
2023-03-29,0.32413655945113895
2023-03-30,0.3693731243343693
2023-03-31,0.39668562911660354
2023-04-03,0.3987049668762217
2023-04-04,0.3795548265988459
2023-04-05,0.38095292689069704
2023-04-06,0.3528065625655441
2023-04-07,0.36910993515096957
2023-04-10,0.3706987006821124
2023-04-11,0.35608120084425654
2023-04-12,0.33729548613051996
2023-04-13,0.36683743477351227
2023-04-14,0.3790791867629889
2023-04-17,0.3723192451887535
2023-04-18,0.3686843647610448
2023-04-19,0.379031952397862
2023-04-20,0.35898287419639974
2023-04-21,0.3966735019001289
2023-04-24,0.3478825946675088
2023-04-25,0.3551761448755316
2023-04-26,0.36727976592206035
2023-04-27,0.28267651379430886
2023-04-28,0.22815903904652096
2023-05-01,0.2641453509970973
2023-05-02,0.26702680362163306
2023-05-03,0.3081958939170013
2023-05-04,0.3028213276696879
2023-05-05,0.33679982840764483
2023-05-08,0.3301234458051021
2023-05-09,0.3376339121005789
2023-05-10,0.30650266153279093
2023-05-11,0.2968523864158884
2023-05-12,0.26469217269750833
2023-05-15,0.275552681093573
2023-05-16,0.2518243453924185
2023-05-17,0.2428457424931595
2023-05-18,0.2465464324241482
2023-05-19,0.2738137383137862
2023-05-22,0.24761805390078662
2023-05-23,0.22744589684376548
2023-05-24,0.20911252323016383
2023-05-25,0.2364151274483578
2023-05-26,0.2272157288062171
2023-05-29,0.26864438583393924
2023-05-30,0.23715278280686292
2023-05-31,0.2687860525834389
2023-06-01,0.2641500894110612
2023-06-02,0.27075819815523383
2023-06-05,0.2981995487881721
2023-06-06,0.35985717342506396
2023-06-07,0.332090637627549
2023-06-08,0.32911824834404846
2023-06-09,0.31391991489623305
2023-06-12,0.22995543966427678
2023-06-13,0.24360915669676275
2023-06-14,0.18634277745137506
2023-06-15,0.15447254509481922
2023-06-16,0.18471117619713695
2023-06-19,0.24891313346539579
2023-06-20,0.28230847706501616
2023-06-21,0.22110263637492222
2023-06-22,0.1740507758065819
2023-06-23,0.19108987345054151
2023-06-26,0.1504898827609249
2023-06-27,0.11216392830183164
2023-06-28,0.12486955665340838
2023-06-29,0.12023998900003852
2023-06-30,0.12703319407679325
2023-07-03,0.13770963428909266
2023-07-04,0.1828096694825685
2023-07-05,0.14003948793180387
2023-07-06,0.180628673807544
2023-07-07,0.1447913294343226
2023-07-10,0.11195782009730793
2023-07-11,0.09123205048653471
2023-07-12,0.0726608740051462
2023-07-13,0.059998611893163245
2023-07-14,0.06296312112668256
2023-07-17,0.06509396304567638
2023-07-18,0.10006075695137695
2023-07-19,0.10791877193026433
2023-07-20,0.12484826900760626
2023-07-21,0.12892249512571952
2023-07-24,0.1532215462907487
2023-07-25,0.14640715389185965
2023-07-26,0.131406949867642
2023-07-27,0.11395119212016169
2023-07-28,0.04170207392251779
2023-07-31,-0.0011808235599999328
2023-08-01,0.004625736743659292
2023-08-02,0.042305375244585
2023-08-03,0.01760309204562782
2023-08-04,0.013528385057322012
2023-08-07,0.033770023768726176
2023-08-08,0.029049984661277284
2023-08-09,0.054881827685631324
2023-08-10,0.010107675757248247
2023-08-11,0.005015235086678782
2023-08-14,0.0010848037119095544
2023-08-15,-0.008782597054258323
2023-08-16,0.057062969298872446
2023-08-17,0.07426853016548507
2023-08-18,0.07467281660517433
2023-08-21,0.035864000793132345
2023-08-22,0.04454279063911748
2023-08-23,0.1059308367736066
2023-08-24,0.05453296451387535
2023-08-25,0.06227971769727292
2023-08-28,0.04887793922555783
2023-08-29,0.033103431278008966
2023-08-30,0.07179849382505377
2023-08-31,0.08475357308899056
2023-09-01,0.10486497793152127
2023-09-04,0.1027104012427813
2023-09-05,0.09440727577506924
2023-09-06,0.14595215599330413
2023-09-07,0.15040564361184539
2023-09-08,0.12130599131629449
2023-09-11,0.09068545249087856
2023-09-12,0.08099104037990135
2023-09-13,0.06269266391640504
2023-09-14,0.11537599813754429
2023-09-15,0.14349261014985515
2023-09-18,0.16258065857828186
2023-09-19,0.1810581282043403
2023-09-20,0.1337577692605163
2023-09-21,0.15030962373123102
2023-09-22,0.1474824390742877
2023-09-25,0.11567956876821572
2023-09-26,0.09741076005920524
2023-09-27,0.039092496430079615
2023-09-28,0.04719871745714488
2023-09-29,0.07886975140463315
2023-10-02,0.013505558719729138
2023-10-03,-0.012894003106279195
2023-10-04,-0.01235760061844482
2023-10-05,-0.015072011867895974
2023-10-06,-0.015345791678403664
2023-10-09,0.007649384026446104
2023-10-10,0.03073127402522824
2023-10-11,0.025013440436334466
2023-10-12,0.12981433893737926
2023-10-13,0.17294087250470336
2023-10-16,0.15227602269333362
2023-10-17,0.17689392070737753
2023-10-18,0.2493907396936187
2023-10-19,0.2892836615204596
2023-10-20,0.321316831062886
2023-10-23,0.32639491623500794
2023-10-24,0.3005665656666445
2023-10-25,0.2597216799162245
2023-10-26,0.2358748127702237
2023-10-27,0.28398828990976877
2023-10-30,0.34721411492081666
2023-10-31,0.32729405951642854
2023-11-01,0.2775508966140777
2023-11-02,0.308546428213893
2023-11-03,0.3155136753531207
2023-11-06,0.31790352858172666
2023-11-07,0.324619285337843
2023-11-08,0.31344270668138685
2023-11-09,0.3145654902169712
2023-11-10,0.285801208645883
2023-11-13,0.2942790430462088
2023-11-14,0.3368295444617806
2023-11-15,0.3626275548490139
2023-11-16,0.38356937390731605
2023-11-17,0.3808571704071887
2023-11-20,0.38290680249003106
2023-11-21,0.3396331416278118
2023-11-22,0.38627528515389675
2023-11-23,0.46987188861037976
2023-11-24,0.42429717677469947
2023-11-27,0.4383917474949952
2023-11-28,0.43422409746282176
2023-11-29,0.4385243703080993
2023-11-30,0.4116935660071811
2023-12-01,0.3889077193192889
2023-12-04,0.37075224474119106
2023-12-05,0.3615842860446943
2023-12-06,0.37776941042133566
2023-12-07,0.3614121019997751
2023-12-08,0.3574390063951145
2023-12-11,0.37815791300110424
2023-12-12,0.4185770128301858
2023-12-13,0.4061488746853106
2023-12-14,0.4625199888457112
2023-12-15,0.5301689187851847
2023-12-18,0.5634603717637648
2023-12-19,0.5834485225674255
2023-12-20,0.5320164173142676
2023-12-21,0.5211773364311384
2023-12-22,0.4819168987950989
2023-12-25,0.4691885539650802
2023-12-26,0.4445263747760908
2023-12-27,0.3939499975899514
2023-12-28,0.40255598453308417
2023-12-29,0.4013122969073377
2024-01-01,0.37385699172748665
2024-01-02,0.3981256037854453
2024-01-03,0.34424365606761287
2024-01-04,0.34145553846421806
2024-01-05,0.3466521349934205
2024-01-08,0.34249734447876856
2024-01-09,0.31427884327811173
2024-01-10,0.333409353051235
2024-01-11,0.3027313158265229
2024-01-12,0.31231503014080464
2024-01-15,0.3484942096676303
2024-01-16,0.3524925964972864
2024-01-17,0.34664725130014046
2024-01-18,0.3342976259206485
2024-01-19,0.3494359156157214
2024-01-22,0.36261215139118336
2024-01-23,0.33776492066309743
2024-01-24,0.32570573377844025
2024-01-25,0.33137436366533735
2024-01-26,0.3145513549765825
2024-01-29,0.3118708580920727
2024-01-30,0.2874199258140432
2024-01-31,0.249159149117113
2024-02-01,0.25168343908139607
2024-02-02,0.2589767653364272
2024-02-05,0.2164027130927646
2024-02-06,0.20509442914643639
2024-02-07,0.18294278164891264
2024-02-08,0.13463620632385476
2024-02-09,0.1284421985712771
2024-02-12,0.0764911737072283
2024-02-13,0.0847086693241032
2024-02-14,0.1026670570809542
2024-02-15,0.09602011238057634
2024-02-16,0.11126029755089883
2024-02-19,0.10384828586354966
2024-02-20,0.10124704074580215
2024-02-21,0.07652857275684932
2024-02-22,0.10740625906629098
2024-02-23,0.16094299023837116
2024-02-26,0.12692714408995664
2024-02-27,0.1447250572301989
2024-02-28,0.1056627635335996
2024-02-29,0.1110551476965505
2024-03-01,0.11913497227922398
2024-03-04,0.07746332450029764
2024-03-05,0.1263158905049978
2024-03-06,0.10001884337581535
2024-03-07,0.11054997948501943
2024-03-08,0.14933822669786495
2024-03-11,0.140073977105319
2024-03-12,0.17578134125613765
2024-03-13,0.13689350391810062
2024-03-14,0.12357425242860953
2024-03-15,0.10309422134033308
2024-03-18,0.15419327791943077
2024-03-19,0.17003527435342702
2024-03-20,0.08275692231748771
2024-03-21,0.1416904251073121
2024-03-22,0.13656471002120862
2024-03-25,0.1662634685649247
2024-03-26,0.20549248822599198
2024-03-27,0.15213061790284066
2024-03-28,0.17881773906637777
2024-03-29,0.195219639009082
2024-04-01,0.1708119260544645
2024-04-02,0.16079927642749492
2024-04-03,0.14641586860515832
2024-04-04,0.17689263477852013
2024-04-05,0.1204862544242905
2024-04-08,0.11434902812168468
2024-04-09,0.06774544433278662
2024-04-10,0.11073937798330613
2024-04-11,0.16483540691948873
2024-04-12,0.1601193057818624
2024-04-15,0.15212368444388613
2024-04-16,0.16153061610292763
2024-04-17,0.1569662776195434
2024-04-18,0.12451649906550566
2024-04-19,0.10394333681585655
2024-04-22,0.10522610740401506
2024-04-23,0.1466596311924192
2024-04-24,0.14218885805456993
2024-04-25,0.1878157292521202
2024-04-26,0.22476137852531708
2024-04-29,0.2513700421352276
2024-04-30,0.23197745147502458
2024-05-01,0.22840057375398848
2024-05-02,0.20030527089956962
2024-05-03,0.20796517771838485
2024-05-06,0.1934540245383578
2024-05-07,0.2504676265365935
2024-05-08,0.23788609507988956
2024-05-09,0.18598057815753677
2024-05-10,0.22062930531724256
2024-05-13,0.24119061774562156
2024-05-14,0.22702556206232782
2024-05-15,0.20463726100270652
2024-05-16,0.17538150566795574
2024-05-17,0.15785118617762195
2024-05-20,0.13652791132385067
2024-05-21,0.17878829716846956
2024-05-22,0.12572310481984839
2024-05-23,0.16285427106812134
2024-05-24,0.16575723792335673
2024-05-27,0.16768655981149783
2024-05-28,0.16786315781953853
2024-05-29,0.1653186259946151
2024-05-30,0.1646914286768537
2024-05-31,0.14828185852480313
2024-06-03,0.13253134367281616
2024-06-04,0.1548970387256463
2024-06-05,0.18099522608505425
2024-06-06,0.2069703710662485
2024-06-07,0.1870915802693971
2024-06-10,0.21939198172028518
2024-06-11,0.28816864711458945
2024-06-12,0.27667869741812434
2024-06-13,0.2510694390452852
2024-06-14,0.2861098541697107
2024-06-17,0.33971550016050056
2024-06-18,0.37144874036499753
2024-06-19,0.2778798301409442
2024-06-20,0.27872781746777586
2024-06-21,0.31992880244748956
2024-06-24,0.371051884238093
2024-06-25,0.3312063879041751
2024-06-26,0.38460158436483693
2024-06-27,0.40257296567261514
2024-06-28,0.3732823731579453
2024-07-01,0.4430191921654787
2024-07-02,0.4080360607331741
2024-07-03,0.45037551841714074
2024-07-04,0.41492922461382364
2024-07-05,0.4306137283296072
2024-07-08,0.42651673694521364
2024-07-09,0.4458931101702457
2024-07-10,0.43592595737856166
2024-07-11,0.3541060238939566
2024-07-12,0.3269199850448279
2024-07-15,0.2553062249810083
2024-07-16,0.24808903092472878
2024-07-17,0.22560983599490236
2024-07-18,0.18114885095505984
2024-07-19,0.19046986459048143
2024-07-22,0.17561538959274947
2024-07-23,0.1368956876587688
2024-07-24,0.15870151337910476
2024-07-25,0.1294535008456148
2024-07-26,0.1372870200826921
2024-07-29,0.16457836890114574
2024-07-30,0.11484397114528089
2024-07-31,0.13132949869333932
2024-08-01,0.08008255339322568
2024-08-02,0.11544253064298005
2024-08-05,0.13353723301737008
2024-08-06,0.11730075833623488
2024-08-07,0.11274166929465324
2024-08-08,0.062470293116909215
2024-08-09,0.015777626178819393
2024-08-12,0.016671373454053562
2024-08-13,0.037962316801752216
2024-08-14,0.03776715835715372
2024-08-15,0.06365108904547556
2024-08-16,0.04485480476845183
2024-08-19,-0.020010534196689633
2024-08-20,-0.02827453072084385
2024-08-21,0.0235814879982712
2024-08-22,0.04937795900863806
2024-08-23,0.07769024958415205
2024-08-26,0.06167899169005975
2024-08-27,0.05292674718458623
2024-08-28,0.08048041969299002
2024-08-29,0.08650658850911519
2024-08-30,0.11205601152110822
2024-09-02,0.14657631477750965
2024-09-03,0.09333259589974241
2024-09-04,0.1203232881493741
2024-09-05,0.1185499530210341
2024-09-06,0.10457655107739305
2024-09-09,0.056689236293983813
2024-09-10,0.05209431409671628
2024-09-11,0.028018672474681816
2024-09-12,0.05480844702981513
2024-09-13,0.0727201962359667
2024-09-16,0.09450207871071425
2024-09-17,0.139978908717744
2024-09-18,0.15293696943959145
2024-09-19,0.14969885178301923
2024-09-20,0.1496991112744852
2024-09-23,0.10892865260394757
2024-09-24,0.16459197672484893
2024-09-25,0.1953173954534978
2024-09-26,0.20764869412015985
2024-09-27,0.19582762827101208
2024-09-30,0.18195567047447658
2024-10-01,0.17235823049491195
2024-10-02,0.11107262265316264
2024-10-03,0.11505923855971745
2024-10-04,0.056869480998056665
2024-10-07,0.06566789172751153
2024-10-08,0.08751097290295506
2024-10-09,0.09392668041961627
2024-10-10,0.13320525494285584
2024-10-11,0.1310970433819807
2024-10-14,0.17613125123008933
2024-10-15,0.19343093802717415
2024-10-16,0.23961090548914288
2024-10-17,0.2064136665527041
2024-10-18,0.23340583465398268
2024-10-21,0.2434657113927733
2024-10-22,0.21444567458805752
2024-10-23,0.18261403264100395
2024-10-24,0.16581881388132247
2024-10-25,0.15126773123143122
2024-10-28,0.09684151247061967
2024-10-29,0.1196710441820037
2024-10-30,0.09713173356899285
2024-10-31,0.08570978955988118
2024-11-01,0.09787871802825265
2024-11-04,0.12514325387617853
2024-11-05,0.10689783927076035
2024-11-06,0.07375415150224507
2024-11-07,0.05771244518475949
2024-11-08,0.09542618609657949
2024-11-11,0.12063626634376812
2024-11-12,0.06423993801998307
2024-11-13,0.10911387688067375
2024-11-14,0.14373470940498723
2024-11-15,0.1572318180364849
2024-11-18,0.14344457359567986
2024-11-19,0.17978565573023464
2024-11-20,0.15297069197013957
2024-11-21,0.1521628812855368
2024-11-22,0.15428664094428735
2024-11-25,0.14523300774834302
2024-11-26,0.14967628716868786
2024-11-27,0.14157697499210542
2024-11-28,0.1563384768566397
2024-11-29,0.19243888932399522
2024-12-02,0.15643112264840697
2024-12-03,0.17276327717778905
2024-12-04,0.12785980498582306
2024-12-05,0.1429273962698948
2024-12-06,0.14848098412864963
2024-12-09,0.1331395874388661
2024-12-10,0.1662623121965977
2024-12-11,0.1822345956263196
2024-12-12,0.2432322007494887
2024-12-13,0.2396266986211425
2024-12-16,0.28170431562255704
2024-12-17,0.2642403048727672
2024-12-18,0.1227881738041865
2024-12-19,0.12121679183276857
2024-12-20,0.15808376672951052
2024-12-23,0.1576218096588312
2024-12-24,0.16792747272812503
2024-12-25,0.14297097738495523
2024-12-26,0.14265428800008417
2024-12-27,0.1479051117275797
2024-12-30,0.13342384776659288
2024-12-31,0.09472002681473424
2025-01-01,0.06271543567332749
2025-01-02,0.05077029846594738
2025-01-03,0.048143235574388155
2025-01-06,0.12638453691175755
2025-01-07,0.13007967501455253
2025-01-08,0.1413275655335411
2025-01-09,0.12571069938117596
2025-01-10,0.15486602319974074
2025-01-13,0.10015258831597385
2025-01-14,0.13419514802830934
2025-01-15,0.10187480945981531
2025-01-16,0.12159899854193434
2025-01-17,0.1782681893585335
2025-01-20,0.2333802033264497
2025-01-21,0.22294959126438474
2025-01-22,0.22270923157806521
2025-01-23,0.2749809430441207
2025-01-24,0.332014769247406
2025-01-27,0.3437087648991646
2025-01-28,0.3529375283856342
2025-01-29,0.35949257670841706
2025-01-30,0.3860207544453196
2025-01-31,0.38759992044908453
2025-02-03,0.40522352176648435
2025-02-04,0.396608949381438
2025-02-05,0.3712807959007408
2025-02-06,0.33431747867056094
2025-02-07,0.2994999902561457
2025-02-10,0.32898575696217125
2025-02-11,0.30837786581314797
2025-02-12,0.3258665763333466
2025-02-13,0.36550396230191085
2025-02-14,0.356393592083734
2025-02-17,0.32469985422279846
2025-02-18,0.33332283415807873
2025-02-19,0.3802609060430713
2025-02-20,0.3780671265333059
2025-02-21,0.37942296491759797
2025-02-24,0.4019817172859599
2025-02-25,0.42250803566732803
2025-02-26,0.46326091066362207
2025-02-27,0.4453748908305125
2025-02-28,0.5007279253527397
2025-03-03,0.5006970316225932
2025-03-04,0.503299813791744
2025-03-05,0.5207749732388122
2025-03-06,0.5088681610762583
2025-03-07,0.5120422290824261
2025-03-10,0.5436215588538051
2025-03-11,0.5320204612242634
2025-03-12,0.5408607215940268
2025-03-13,0.5809240619886326
2025-03-14,0.5886388889852322
2025-03-17,0.6216473060950485
2025-03-18,0.6017714503721693
2025-03-19,0.5347506988792807
2025-03-20,0.5520925022510641
2025-03-21,0.5591004869858276
2025-03-24,0.47070207679020704
2025-03-25,0.47294137277595183
2025-03-26,0.44901012816486574
2025-03-27,0.4303576883143624
2025-03-28,0.42451593690416445
2025-03-31,0.3814426996306469
2025-04-01,0.38327002419672473
2025-04-02,0.3453123769952612
2025-04-03,0.30055992734872095
2025-04-04,0.2780879448014897
2025-04-07,0.27326651440136296
2025-04-08,0.2677136287968581
2025-04-09,0.25357578447628715
2025-04-10,0.2879342438898299
2025-04-11,0.27551383793812945
2025-04-14,0.24132661237868003
2025-04-15,0.2783448499732535
2025-04-16,0.27459982315613796
2025-04-17,0.2914700436219827
2025-04-18,0.2643388077784349
2025-04-21,0.2848091329860193
2025-04-22,0.3385075197317129
2025-04-23,0.3393884442614076
2025-04-24,0.39018318574842104
2025-04-25,0.42206119943719456
2025-04-28,0.4286719762399098
2025-04-29,0.4474134682445601
2025-04-30,0.4493412963100437
2025-05-01,0.48102456193231025
2025-05-02,0.4430373434465893
2025-05-05,0.4364893058331172
2025-05-06,0.4351085908012188
2025-05-07,0.41274065852564634
2025-05-08,0.4232213804842131
2025-05-09,0.4572207353412605
2025-05-12,0.4982831808124767
2025-05-13,0.4911442233043015
2025-05-14,0.4797102902736087
2025-05-15,0.531046261839915
2025-05-16,0.5139421654107567
2025-05-19,0.5702429904552425
2025-05-20,0.5887363942625241
2025-05-21,0.612503473376648
2025-05-22,0.5962269503315292
2025-05-23,0.56278074145288
2025-05-26,0.5472100956278049
2025-05-27,0.5096248585361198
2025-05-28,0.5169713023843892
2025-05-29,0.5206734377615656
2025-05-30,0.557528008019432
2025-06-02,0.5490135336931039
2025-06-03,0.5430817681568019
2025-06-04,0.52193093730202
2025-06-05,0.4986959567298226
2025-06-06,0.4739388057071694
2025-06-09,0.4518139649221008
2025-06-10,0.5102849895860582
2025-06-11,0.5408876103050014
2025-06-12,0.51332324410609
2025-06-13,0.5183892200936674
2025-06-16,0.5763499685464178
2025-06-17,0.6196688249808957
2025-06-18,0.5750820512679691
2025-06-19,0.5785161883099483
2025-06-20,0.569298688246692
2025-06-23,0.5725287013479704
2025-06-24,0.5834567928302655
2025-06-25,0.5652568238168825
2025-06-26,0.5808194039164373
2025-06-27,0.5731503410231013
2025-06-30,0.5574485546426202
2025-07-01,0.5786780284385574
2025-07-02,0.5848064919322294
2025-07-03,0.6031998036681627
2025-07-04,0.6031755541836451
2025-07-07,0.5247666640234157
2025-07-08,0.5090077159810513
2025-07-09,0.6047430021804995
2025-07-10,0.6369694571527966
2025-07-11,0.6184495086982031
2025-07-14,0.5744438656907559
2025-07-15,0.5664727725921596
2025-07-16,0.4703547651074582
2025-07-17,0.4722749434730885
2025-07-18,0.4645092268288562
2025-07-21,0.4517747820016905
2025-07-22,0.4366946822660137
2025-07-23,0.44072920681882816
2025-07-24,0.4661539842232277
2025-07-25,0.4668637318472352
2025-07-28,0.4725415789627341
2025-07-29,0.49710306583050684
2025-07-30,0.5079389121038194
2025-07-31,0.5561388648845096
2025-08-01,0.5201638180378623
2025-08-04,0.5727972976361316
2025-08-05,0.6110685576590035
2025-08-06,0.6125720202428355
2025-08-07,0.6414550662652705
2025-08-08,0.5873383991973529
2025-08-11,0.5837199703835549
2025-08-12,0.564607584535336
2025-08-13,0.5500178101833674
2025-08-14,0.5586041079953807
2025-08-15,0.4994613502835643
2025-08-18,0.5014955897174037
2025-08-19,0.4618453995974834
2025-08-20,0.438856811992248
2025-08-21,0.46037548153415264
2025-08-22,0.4077300448522234
2025-08-25,0.38176218250376137
2025-08-26,0.3474046879083904
2025-08-27,0.39801657421189884
2025-08-28,0.3646509594493066
2025-08-29,0.3491259742103825
2025-09-01,0.359086748095085
2025-09-02,0.3617527611200716
2025-09-03,0.3174990624826184
2025-09-04,0.32247747509174773
2025-09-05,0.3426175669257885
2025-09-08,0.3463011001153947
2025-09-09,0.31231847763923715
2025-09-10,0.3045813493487929
2025-09-11,0.28483978444963753
2025-09-12,0.2740508155338882
2025-09-15,0.2741971168563061
2025-09-16,0.23079798563370424
2025-09-17,0.25432915741045237
2025-09-18,0.2227858491500445
2025-09-19,0.2147603622358426
2025-09-22,0.20048438308643768
2025-09-23,0.22678657715189965
2025-09-24,0.20732749438880116
2025-09-25,0.23588320611186364
2025-09-26,0.23465217509221004
2025-09-29,0.26208268256701006
2025-09-30,0.2570555014548021
2025-10-01,0.19085624015956654
2025-10-02,0.10185399570055154
2025-10-03,0.066018430472776
2025-10-06,0.0770682157576088
2025-10-07,0.10029531439545453
2025-10-08,0.06320639382805637
2025-10-09,0.06803589782093139
2025-10-10,0.05754201268545456
2025-10-13,0.03424154917896083
2025-10-14,0.062008577292301637
2025-10-15,0.08859395740258291
2025-10-16,0.0906818421276635
2025-10-17,0.06820955274007506
2025-10-20,0.08422099320616439
2025-10-21,0.1567809621029443
2025-10-22,0.18355214118680813
2025-10-23,0.21039663780752715
2025-10-24,0.20123640126549747
2025-10-27,0.18710239460754552
2025-10-28,0.16836687975056863
2025-10-29,0.1869826119707605
2025-10-30,0.15909933793678843
2025-10-31,0.10327400666858011
2025-11-03,0.05825625439141835
2025-11-04,0.058792678325873204
2025-11-05,0.052352031836973234
2025-11-06,0.10559338477938851
2025-11-07,0.05825459801684063
2025-11-10,0.002078505487066229
2025-11-11,-0.005890161590842102
2025-11-12,-0.013881965023449516
2025-11-13,0.043919994079215874
2025-11-14,0.0031885778575506674
2025-11-17,-0.007432270458853751
2025-11-18,-0.0497720180064517
2025-11-19,-0.032777311280512866
2025-11-20,0.0006275651348550682
2025-11-21,-0.006118128367507469
2025-11-24,0.012895350328652855
2025-11-25,0.0035372576481860207
2025-11-26,0.00718773045943355
2025-11-27,-0.03188353241522812
2025-11-28,-0.021747844842613273
2025-12-01,0.006160221041108915
2025-12-02,0.05261465362991535
2025-12-03,0.040955451155145095
2025-12-04,0.01706149552436731
2025-12-05,0.0007219169688943428
2025-12-08,0.03163021715250125
2025-12-09,0.055006076111926316
2025-12-10,0.10076729847859645
2025-12-11,0.18689320773907148
2025-12-12,0.14430926755909246
2025-12-15,0.16978696085656786
2025-12-16,0.19789820017299975
2025-12-17,0.07727981986052734
2025-12-18,0.0072958517806354095
2025-12-19,-0.014503954052861534
2025-12-22,-0.05174643214351726
2025-12-23,-0.08378145173677976
2025-12-24,-0.007007194875008338
2025-12-25,-0.02892905672361956
2025-12-26,-0.007859079309834649
2025-12-29,-0.035164668977433755
2025-12-30,-0.03381519327657767
2025-12-31,-0.05557413130403743
2026-01-01,-0.04353742164889429
2026-01-02,-0.04464497344684415
2026-01-05,-0.023029170944472988
2026-01-06,-0.0320229942235829
2026-01-07,-0.025760017364393706
2026-01-08,-0.032214208586715865
2026-01-09,-0.03309315012218572
2026-01-12,0.008393421915732335
2026-01-13,-0.012218149649909527
2026-01-14,-0.01945750249428091
2026-01-15,0.01295431328827179
2026-01-16,0.04114103937312952
2026-01-19,0.06672663032644044
2026-01-20,0.05358485168041027
2026-01-21,0.06594835106201802
2026-01-22,0.04818970662299282
2026-01-23,0.023125267056454346
2026-01-26,0.06296644569291909
2026-01-27,0.05688210417509976
2026-01-28,0.05535371494486019
2026-01-29,0.062181144697370794
2026-01-30,0.07758750962597705
2026-02-02,0.04455252512650176
2026-02-03,0.06388832989460558
2026-02-04,0.08293983435021457
2026-02-05,0.09478548707524359
2026-02-06,0.12232504817892731
2026-02-09,0.09286600477649132
2026-02-10,0.10464241576301214
2026-02-11,0.027582901321014153
2026-02-12,0.024608946318675162
2026-02-13,-0.04695089875080827
2026-02-16,-0.02075375358657927
2026-02-17,-0.014665540565305557
2026-02-18,-0.015170732932213937
2026-02-19,-0.03087568916772976
2026-02-20,-0.04952520963394036
2026-02-23,-0.05325729506778476
2026-02-24,-0.03343564429660206
2026-02-25,0.0020861630326375336
2026-02-26,0.023503992544664398
2026-02-27,0.05659800016227212
2026-03-02,0.016411364577351817
2026-03-03,0.01404815333710896
2026-03-04,0.07839239230099404
2026-03-05,0.03509396141677501
2026-03-06,0.01969604236057243
2026-03-09,0.008396095453888086
2026-03-10,0.011121067515664551
2026-03-11,0.01551323276156491
2026-03-12,0.0058392584112310075
2026-03-13,0.052678218506898244
2026-03-16,0.14283941651551957
2026-03-17,0.2123003842059853
2026-03-18,0.12777292085501568
2026-03-19,0.14080808486571816
2026-03-20,0.14201493932716458
2026-03-23,0.13171051683622714
2026-03-24,0.16098616917417796
2026-03-25,0.23102866923888832
2026-03-26,0.2298390351129903
2026-03-27,0.2291339425580079
2026-03-30,0.2128065947661344
2026-03-31,0.22159854172231275
2026-04-01,0.19393593334679748
2026-04-02,0.2312737282715256
2026-04-03,0.2694061785353884
2026-04-06,0.2736262172732036
2026-04-07,0.26594350148967916
2026-04-08,0.28551949368862795
2026-04-09,0.3187975871789759
2026-04-10,0.3543033509461109
2026-04-13,0.34319701928005775
2026-04-14,0.38367930641304526
2026-04-15,0.35535673635533116
2026-04-16,0.3373233063321819
2026-04-17,0.30883275813217625
2026-04-20,0.32017315668870716
2026-04-21,0.3074218926003508
2026-04-22,0.3048155308341203
2026-04-23,0.303188937164912
2026-04-24,0.3339572725575617
2026-04-27,0.3546725130314119
2026-04-28,0.3721741427748335
2026-04-29,0.4143423118121219
2026-04-30,0.39356710149840735
2026-05-01,0.34697415995902303
2026-05-04,0.3483359390492089
2026-05-05,0.40925528024522817
2026-05-06,0.3979755026777311
2026-05-07,0.3628387243333655
2026-05-08,0.365372602050022
2026-05-11,0.3487807895849818
2026-05-12,0.3481984109360595
2026-05-13,0.36058530555050494
2026-05-14,0.376518830266096
2026-05-15,0.32976172213920796
2026-05-18,0.41762521052989066
2026-05-19,0.49889779154521985
2026-05-20,0.4737287515046785
2026-05-21,0.4662598266390703
2026-05-22,0.4266410183754499
2026-05-25,0.36798864684857413
2026-05-26,0.3451047655256748
2026-05-27,0.36652270986440594
2026-05-28,0.33707886277856236
2026-05-29,0.41925275053988265
2026-06-01,0.4376933116357419
2026-06-02,0.49655735824870384
2026-06-03,0.4478477952150476
2026-06-04,0.3914340102510232
2026-06-05,0.3318391189519926
2026-06-08,0.3100395487256935
2026-06-09,0.29307688453115055
2026-06-10,0.27768465326869585
2026-06-11,0.27760752869013305
2026-06-12,0.24856045043936326
2026-06-15,0.3366165685715894
2026-06-16,0.37555989528578926
2026-06-17,0.30443650985634774
2026-06-18,0.3033053094102869
2026-06-19,0.27617118244637284
2026-06-22,0.273917208210412
2026-06-23,0.3069247868030506
2026-06-24,0.2862594843900347
2026-06-25,0.31150447151972327
2026-06-26,0.2810683689374861
2026-06-29,0.2773001481154761
2026-06-30,0.30342773898869757
2026-07-01,0.2834136360358328
2026-07-02,0.30128230304549586
2026-07-03,0.3341736480211295
2026-07-06,0.3124908820673099
2026-07-07,0.2604328402078724
2026-07-08,0.2560667577830724
2026-07-09,0.23592828077518813
2026-07-10,0.20868566183751902
2026-07-13,0.23763811616875474
2026-07-14,0.21780814783379798
2026-07-15,0.23923780977108955
2026-07-16,0.19319144663528165
2026-07-17,0.18805024493024702
2026-07-20,0.20860919821197266
2026-07-21,0.19579828290369383
2026-07-22,0.1419145667812387
2026-07-23,0.101031580308786
2026-07-24,0.12058863943040476
2026-07-27,0.08275253384435688
2026-07-28,0.11692029753677324
2026-07-29,0.11933273277586587
2026-07-30,0.13869394659211753
2026-07-31,0.18291433416676783
2026-08-03,0.2178040801197353
2026-08-04,0.21013053147031235
2026-08-05,0.18335467836350605
2026-08-06,0.14542429053974293
2026-08-07,0.15975934963093752
2026-08-10,0.15112817203927897
2026-08-11,0.18310022642190782
2026-08-12,0.15433253129323443
2026-08-13,0.1909671885736428
2026-08-14,0.20194812500722759
2026-08-17,0.18994094284399654
2026-08-18,0.19410011841666075
2026-08-19,0.1824786005653538
2026-08-20,0.24344147003878036
2026-08-21,0.23842527674096747
2026-08-24,0.19862950577978333
2026-08-25,0.2643378160466596
2026-08-26,0.30882922812468283
2026-08-27,0.2894557478053671
2026-08-28,0.22548377583385448
